{"cameraMode":{"drawMode":0,"name":"Shaded","section":"Shading Mode"},"sceneLighting":true,"audioPlay":false,"sceneViewState":{"m_AlwaysRefresh":false,"showFog":true,"showSkybox":true,"showFlares":true,"showImageEffects":true,"showParticleSystems":true,"showVisualEffectGraphs":true,"m_FxEnabled":true},"in2DMode":false,"pivot":{"x":501.1627197265625,"y":-58.44999694824219,"z":530.171142578125},"rotation":{"x":-0.05277957767248154,"y":0.015576938167214394,"z":-0.0007936335750855506,"w":-0.9985336065292358},"size":1065.1929931640625,"orthographic":false}